dt,binance_signal,direction,m4h_binance,m1h_binance,has_qualifying_option,opt_data_available,deribit_signal
2026-01-01 00:00:00+00:00,none,,0.122,-0.091,False,False,False
2026-01-01 04:00:00+00:00,none,,0.226,-0.077,False,False,False
2026-01-01 08:00:00+00:00,none,,-0.244,-0.03,False,False,False
2026-01-01 12:00:00+00:00,none,,0.448,0.183,False,False,False
2026-01-01 16:00:00+00:00,none,,0.009,0.074,False,False,False
2026-01-01 20:00:00+00:00,none,,0.408,0.224,False,False,False
2026-01-02 00:00:00+00:00,none,,0.507,0.218,False,False,False
2026-01-02 04:00:00+00:00,none,,0.126,0.354,False,False,False
2026-01-02 08:00:00+00:00,none,,-0.105,-0.087,False,False,False
2026-01-02 12:00:00+00:00,none,,0.726,-0.182,False,False,False
2026-01-02 16:00:00+00:00,none,,-0.095,-0.181,False,False,False
2026-01-02 20:00:00+00:00,none,,0.536,0.138,False,False,False
2026-01-03 00:00:00+00:00,none,,0.109,-0.222,False,False,False
2026-01-03 04:00:00+00:00,none,,0.362,-0.021,False,False,False
2026-01-03 08:00:00+00:00,none,,-0.824,-0.327,False,False,False
2026-01-03 12:00:00+00:00,none,,0.196,-0.002,False,False,False
2026-01-03 16:00:00+00:00,none,,0.241,-0.174,False,False,False
2026-01-03 20:00:00+00:00,none,,0.172,-0.017,False,False,False
2026-01-04 00:00:00+00:00,none,,0.559,0.042,False,False,False
2026-01-04 04:00:00+00:00,none,,0.672,0.124,False,False,False
2026-01-04 08:00:00+00:00,none,,0.324,0.323,False,False,False
2026-01-04 12:00:00+00:00,none,,-0.253,-0.328,False,False,False
2026-01-04 16:00:00+00:00,none,,0.038,-0.002,False,False,False
2026-01-04 20:00:00+00:00,none,,-0.216,-0.074,False,False,False
2026-01-05 00:00:00+00:00,none,,0.43,0.34,False,False,False
2026-01-05 04:00:00+00:00,none,,1.473,-0.166,False,False,False
2026-01-05 08:00:00+00:00,none,,-0.385,0.031,False,False,False
2026-01-05 12:00:00+00:00,none,,0.663,0.058,False,False,False
2026-01-05 16:00:00+00:00,none,,0.884,0.567,False,False,False
2026-01-05 20:00:00+00:00,none,,0.368,-0.155,False,False,False
2026-01-06 00:00:00+00:00,none,,-0.47,-0.331,False,False,False
2026-01-06 04:00:00+00:00,none,,-0.096,0.159,False,False,False
2026-01-06 08:00:00+00:00,none,,-0.548,-0.56,False,False,False
2026-01-06 12:00:00+00:00,none,,0.627,0.278,False,False,False
2026-01-06 16:00:00+00:00,none,,-0.204,-0.2,False,False,False
2026-01-06 20:00:00+00:00,none,,-1.649,0.077,False,False,False
2026-01-07 00:00:00+00:00,none,,1.784,0.413,False,False,False
2026-01-07 04:00:00+00:00,none,,-0.994,-0.144,False,False,False
2026-01-07 08:00:00+00:00,none,,0.068,0.285,False,False,False
2026-01-07 12:00:00+00:00,none,,-0.853,0.122,False,False,False
2026-01-07 16:00:00+00:00,none,,-0.801,-0.662,False,False,False
2026-01-07 20:00:00+00:00,none,,-0.179,0.313,False,False,False
2026-01-08 00:00:00+00:00,none,,0.195,0.201,False,False,False
2026-01-08 04:00:00+00:00,none,,-0.603,-0.157,False,False,False
2026-01-08 08:00:00+00:00,none,,-0.292,0.723,False,False,False
2026-01-08 12:00:00+00:00,none,,-0.355,-0.203,False,False,False
2026-01-08 16:00:00+00:00,none,,0.615,0.842,False,False,False
2026-01-08 20:00:00+00:00,none,,0.172,-0.197,False,False,False
2026-01-09 00:00:00+00:00,none,,0.179,-0.145,False,False,False
2026-01-09 04:00:00+00:00,none,,0.132,0.2,False,False,False
2026-01-09 08:00:00+00:00,none,,-0.524,-0.434,False,False,False
2026-01-09 12:00:00+00:00,none,,-0.307,-0.025,False,False,False
2026-01-09 16:00:00+00:00,none,,0.789,1.139,False,False,False
2026-01-09 20:00:00+00:00,none,,-0.926,-0.538,False,False,False
2026-01-10 00:00:00+00:00,none,,0.342,0.012,False,False,False
2026-01-10 04:00:00+00:00,none,,-0.017,-0.078,False,False,False
2026-01-10 08:00:00+00:00,none,,0.058,0.191,False,False,False
2026-01-10 12:00:00+00:00,none,,0.05,-0.115,False,False,False
2026-01-10 16:00:00+00:00,none,,-0.064,0.083,False,False,False
2026-01-10 20:00:00+00:00,none,,-0.043,0.034,False,False,False
2026-01-11 00:00:00+00:00,none,,-0.134,0.085,False,False,False
2026-01-11 04:00:00+00:00,none,,0.253,0.038,False,False,False
2026-01-11 08:00:00+00:00,none,,-0.025,-0.037,False,False,False
2026-01-11 12:00:00+00:00,none,,0.049,0.02,False,False,False
2026-01-11 16:00:00+00:00,none,,0.133,-0.276,False,False,False
2026-01-11 20:00:00+00:00,none,,-0.204,-0.216,False,False,False
2026-01-12 00:00:00+00:00,none,,0.356,0.539,False,False,False
2026-01-12 04:00:00+00:00,none,,0.873,-0.429,False,False,False
2026-01-12 08:00:00+00:00,none,,-0.436,-0.466,False,False,False
2026-01-12 12:00:00+00:00,none,,-0.861,0.207,False,False,False
2026-01-12 16:00:00+00:00,none,,1.152,0.832,False,False,False
2026-01-12 20:00:00+00:00,none,,0.214,0.185,False,False,False
2026-01-13 00:00:00+00:00,none,,-0.615,0.056,False,False,False
2026-01-13 04:00:00+00:00,none,,0.123,0.319,False,False,False
2026-01-13 08:00:00+00:00,none,,0.583,-0.263,False,False,False
2026-01-13 12:00:00+00:00,none,,0.064,-0.139,False,False,False
2026-01-13 16:00:00+00:00,call,call,1.575,1.069,False,True,False
2026-01-13 20:00:00+00:00,none,,0.831,0.633,False,False,False
2026-01-14 00:00:00+00:00,none,,1.26,-0.358,False,False,False
2026-01-14 04:00:00+00:00,none,,0.322,0.392,False,False,False
2026-01-14 08:00:00+00:00,none,,-0.539,0.185,False,False,False
2026-01-14 12:00:00+00:00,none,,-0.433,-0.314,False,False,False
2026-01-14 16:00:00+00:00,none,,2.08,0.281,False,False,False
2026-01-14 20:00:00+00:00,none,,0.52,0.476,False,False,False
2026-01-15 00:00:00+00:00,none,,-0.325,0.076,False,False,False
2026-01-15 04:00:00+00:00,none,,-0.997,-0.368,False,False,False
2026-01-15 08:00:00+00:00,none,,0.672,0.402,False,False,False
2026-01-15 12:00:00+00:00,none,,-0.051,-0.245,False,False,False
2026-01-15 16:00:00+00:00,none,,0.161,0.701,False,False,False
2026-01-15 20:00:00+00:00,none,,-1.262,-0.333,False,False,False
2026-01-16 00:00:00+00:00,none,,0.093,0.022,False,False,False
2026-01-16 04:00:00+00:00,none,,-0.262,-0.157,False,False,False
2026-01-16 08:00:00+00:00,none,,0.313,-0.092,False,False,False
2026-01-16 12:00:00+00:00,none,,-0.234,0.128,False,False,False
2026-01-16 16:00:00+00:00,none,,-0.883,-0.637,False,False,False
2026-01-16 20:00:00+00:00,none,,0.44,0.001,False,False,False
2026-01-17 00:00:00+00:00,none,,0.578,0.039,False,False,False
2026-01-17 04:00:00+00:00,none,,-0.186,0.002,False,False,False
2026-01-17 08:00:00+00:00,none,,-0.284,-0.145,False,False,False
2026-01-17 12:00:00+00:00,none,,0.234,0.218,False,False,False
2026-01-17 16:00:00+00:00,none,,0.262,0.107,False,False,False
2026-01-17 20:00:00+00:00,none,,-0.295,-0.143,False,False,False
2026-01-18 00:00:00+00:00,none,,-0.151,-0.024,False,False,False
2026-01-18 04:00:00+00:00,none,,0.055,0.188,False,False,False
2026-01-18 08:00:00+00:00,none,,-0.181,-0.15,False,False,False
2026-01-18 12:00:00+00:00,none,,0.147,-0.013,False,False,False
2026-01-18 16:00:00+00:00,none,,-0.051,0.172,False,False,False
2026-01-18 20:00:00+00:00,none,,0.275,-0.061,False,False,False
2026-01-19 00:00:00+00:00,put,put,-1.791,-1.912,True,True,True
2026-01-19 04:00:00+00:00,none,,-1.049,0.133,False,False,False
2026-01-19 08:00:00+00:00,none,,0.163,0.279,False,False,False
2026-01-19 12:00:00+00:00,none,,0.377,0.137,False,False,False
2026-01-19 16:00:00+00:00,none,,-0.132,0.276,False,False,False
2026-01-19 20:00:00+00:00,none,,0.04,0.043,False,False,False
2026-01-20 00:00:00+00:00,none,,-0.51,0.07,False,False,False
2026-01-20 04:00:00+00:00,none,,-0.212,-0.127,False,False,False
2026-01-20 08:00:00+00:00,none,,-1.36,0.273,False,False,False
2026-01-20 12:00:00+00:00,none,,0.045,-0.055,False,False,False
2026-01-20 16:00:00+00:00,none,,-0.585,0.17,False,False,False
2026-01-20 20:00:00+00:00,none,,-1.058,0.251,False,False,False
2026-01-21 00:00:00+00:00,none,,-1.447,-0.092,False,False,False
2026-01-21 04:00:00+00:00,none,,1.136,0.431,False,False,False
2026-01-21 08:00:00+00:00,none,,-0.244,-0.486,False,False,False
2026-01-21 12:00:00+00:00,none,,-0.475,-0.514,False,False,False
2026-01-21 16:00:00+00:00,call,call,1.687,0.537,False,True,False
2026-01-21 20:00:00+00:00,none,,0.075,2.113,False,False,False
2026-01-22 00:00:00+00:00,none,,-0.997,-0.344,False,False,False
2026-01-22 04:00:00+00:00,none,,0.497,-0.043,False,False,False
2026-01-22 08:00:00+00:00,none,,-0.09,-0.392,False,False,False
2026-01-22 12:00:00+00:00,none,,0.136,-0.153,False,False,False
2026-01-22 16:00:00+00:00,none,,-1.047,-0.099,False,False,False
2026-01-22 20:00:00+00:00,none,,0.874,0.497,False,False,False
2026-01-23 00:00:00+00:00,none,,-0.243,0.238,False,False,False
2026-01-23 04:00:00+00:00,none,,0.408,0.291,False,False,False
2026-01-23 08:00:00+00:00,none,,-0.417,0.045,False,False,False
2026-01-23 12:00:00+00:00,none,,-0.387,0.175,False,False,False
2026-01-23 16:00:00+00:00,none,,0.627,0.836,False,False,False
2026-01-23 20:00:00+00:00,none,,0.246,-0.605,False,False,False
2026-01-24 00:00:00+00:00,none,,-0.425,-0.027,False,False,False
2026-01-24 04:00:00+00:00,none,,0.189,0.075,False,False,False
2026-01-24 08:00:00+00:00,none,,-0.167,-0.033,False,False,False
2026-01-24 12:00:00+00:00,none,,-0.028,-0.035,False,False,False
2026-01-24 16:00:00+00:00,none,,-0.357,-0.195,False,False,False
2026-01-24 20:00:00+00:00,none,,0.062,-0.071,False,False,False
2026-01-25 00:00:00+00:00,none,,-0.119,-0.229,False,False,False
2026-01-25 04:00:00+00:00,none,,-0.297,-0.2,False,False,False
2026-01-25 08:00:00+00:00,none,,-0.338,-0.193,False,False,False
2026-01-25 12:00:00+00:00,none,,-0.101,-0.101,False,False,False
2026-01-25 16:00:00+00:00,none,,-0.14,-0.297,False,False,False
2026-01-25 20:00:00+00:00,put,put,-2.206,-1.058,True,True,True
2026-01-26 00:00:00+00:00,none,,0.203,0.172,False,False,False
2026-01-26 04:00:00+00:00,none,,0.706,-0.321,False,False,False
2026-01-26 08:00:00+00:00,none,,0.823,0.072,False,False,False
2026-01-26 12:00:00+00:00,none,,-0.165,-0.048,False,False,False
2026-01-26 16:00:00+00:00,none,,-0.243,-0.609,False,False,False
2026-01-26 20:00:00+00:00,none,,0.424,-0.442,False,False,False
2026-01-27 00:00:00+00:00,none,,0.379,0.235,False,False,False
2026-01-27 04:00:00+00:00,none,,0.499,-0.049,False,False,False
2026-01-27 08:00:00+00:00,none,,-0.527,-0.014,False,False,False
2026-01-27 12:00:00+00:00,none,,-0.371,0.235,False,False,False
2026-01-27 16:00:00+00:00,none,,0.062,0.345,False,False,False
2026-01-27 20:00:00+00:00,none,,0.41,0.14,False,False,False
2026-01-28 00:00:00+00:00,none,,0.952,0.007,False,False,False
2026-01-28 04:00:00+00:00,none,,-0.138,-0.178,False,False,False
2026-01-28 08:00:00+00:00,none,,0.009,-0.205,False,False,False
2026-01-28 12:00:00+00:00,none,,1.061,0.756,False,False,False
2026-01-28 16:00:00+00:00,none,,-0.666,-0.154,False,False,False
2026-01-28 20:00:00+00:00,none,,-0.086,-0.16,False,False,False
2026-01-29 00:00:00+00:00,none,,-0.115,-0.108,False,False,False
2026-01-29 04:00:00+00:00,none,,-1.396,0.167,False,False,False
2026-01-29 08:00:00+00:00,none,,0.34,0.038,False,False,False
2026-01-29 12:00:00+00:00,none,,-0.573,-0.114,False,False,False
2026-01-29 16:00:00+00:00,put,put,-3.315,-2.391,True,True,True
2026-01-29 20:00:00+00:00,none,,-1.085,0.641,False,False,False
2026-01-30 00:00:00+00:00,none,,0.759,0.095,False,False,False
2026-01-30 04:00:00+00:00,none,,-2.332,0.623,False,False,False
2026-01-30 08:00:00+00:00,none,,0.17,0.259,False,False,False
2026-01-30 12:00:00+00:00,none,,0.404,0.383,False,False,False
2026-01-30 16:00:00+00:00,none,,-0.322,-0.258,False,False,False
2026-01-30 20:00:00+00:00,none,,1.64,0.372,False,False,False
2026-01-31 00:00:00+00:00,none,,0.021,0.048,False,False,False
2026-01-31 04:00:00+00:00,none,,-0.282,-0.128,False,False,False
2026-01-31 08:00:00+00:00,none,,-0.566,-0.286,False,False,False
2026-01-31 12:00:00+00:00,none,,-0.631,-0.168,False,False,False
2026-01-31 16:00:00+00:00,none,,-2.069,-0.218,False,False,False
2026-01-31 20:00:00+00:00,none,,-4.369,-0.37,False,False,True
2026-02-01 00:00:00+00:00,none,,1.275,0.75,False,False,False
2026-02-01 04:00:00+00:00,none,,0.162,-0.04,False,False,False
2026-02-01 08:00:00+00:00,none,,-0.666,0.055,False,False,False
2026-02-01 12:00:00+00:00,none,,0.511,0.593,False,False,False
2026-02-01 16:00:00+00:00,none,,-1.461,-0.79,False,False,True
2026-02-01 20:00:00+00:00,none,,-0.54,-1.095,False,False,False
2026-02-02 00:00:00+00:00,none,,-0.268,-0.364,False,False,False
2026-02-02 04:00:00+00:00,none,,-0.877,-0.259,False,False,False
2026-02-02 08:00:00+00:00,none,,0.482,0.146,False,False,False
2026-02-02 12:00:00+00:00,none,,1.434,0.33,False,False,False
2026-02-02 16:00:00+00:00,none,,1.402,1.291,False,False,False
2026-02-02 20:00:00+00:00,none,,-0.645,-0.291,False,False,False
2026-02-03 00:00:00+00:00,none,,0.507,-0.072,False,False,False
2026-02-03 04:00:00+00:00,none,,0.019,1.215,False,False,False
2026-02-03 08:00:00+00:00,none,,0.053,0.255,False,False,False
2026-02-03 12:00:00+00:00,none,,-0.908,-0.052,False,False,False
2026-02-03 16:00:00+00:00,none,,0.068,1.206,False,False,False
2026-02-03 20:00:00+00:00,none,,-4.092,2.455,False,False,False
2026-02-04 00:00:00+00:00,none,,1.115,0.081,False,False,False
2026-02-04 04:00:00+00:00,none,,1.225,0.967,False,False,False
2026-02-04 08:00:00+00:00,none,,-0.24,-0.181,False,False,False
2026-02-04 12:00:00+00:00,none,,-0.65,-0.373,False,False,False
2026-02-04 16:00:00+00:00,none,,-2.474,-0.3,False,False,False
2026-02-04 20:00:00+00:00,none,,-0.287,0.677,False,False,False
2026-02-05 00:00:00+00:00,none,,-1.025,0.858,False,False,False
2026-02-05 04:00:00+00:00,none,,-2.655,-0.324,False,False,False
2026-02-05 08:00:00+00:00,none,,-0.655,-0.274,False,False,False
2026-02-05 12:00:00+00:00,none,,-0.62,-0.762,False,False,False
2026-02-05 16:00:00+00:00,put,put,-4.024,-2.76,True,True,True
2026-02-05 20:00:00+00:00,put,put,-3.294,-1.63,True,True,True
2026-02-06 00:00:00+00:00,put,put,-3.61,-1.562,False,True,False
2026-02-06 04:00:00+00:00,none,,2.0,-1.264,False,False,False
2026-02-06 08:00:00+00:00,none,,1.072,-0.204,False,False,False
2026-02-06 12:00:00+00:00,call,call,2.737,1.006,True,True,True
2026-02-06 16:00:00+00:00,call,call,2.994,0.632,True,True,True
2026-02-06 20:00:00+00:00,call,call,3.068,1.368,True,True,True
2026-02-07 00:00:00+00:00,none,,-0.214,-1.085,False,False,False
2026-02-07 04:00:00+00:00,none,,0.48,0.793,False,False,False
2026-02-07 08:00:00+00:00,put,put,-3.993,-0.992,False,True,False
2026-02-07 12:00:00+00:00,none,,-0.168,-0.021,False,False,False
2026-02-07 16:00:00+00:00,call,call,1.734,0.736,True,True,False
2026-02-07 20:00:00+00:00,none,,0.321,-0.202,False,False,False
2026-02-08 00:00:00+00:00,none,,-0.121,-0.158,False,False,False
2026-02-08 04:00:00+00:00,none,,-0.273,-0.39,False,False,False
2026-02-08 08:00:00+00:00,none,,0.884,0.504,False,False,False
2026-02-08 12:00:00+00:00,call,call,1.849,1.044,True,True,True
2026-02-08 16:00:00+00:00,none,,0.266,-0.103,False,False,False
2026-02-08 20:00:00+00:00,none,,0.329,0.388,False,False,False
2026-02-09 00:00:00+00:00,put,put,-1.53,-1.035,True,True,False
2026-02-09 04:00:00+00:00,none,,1.389,0.959,False,False,False
2026-02-09 08:00:00+00:00,none,,-1.241,-0.347,False,False,False
2026-02-09 12:00:00+00:00,none,,-2.121,0.292,False,False,False
2026-02-09 16:00:00+00:00,none,,0.921,0.421,False,False,False
2026-02-09 20:00:00+00:00,call,call,2.003,0.764,True,True,True
2026-02-10 00:00:00+00:00,none,,-1.154,-0.334,False,False,False
2026-02-10 04:00:00+00:00,none,,-0.893,-0.843,False,False,False
2026-02-10 08:00:00+00:00,none,,-0.852,-0.002,False,False,False
2026-02-10 12:00:00+00:00,none,,-0.558,-0.561,False,False,False
2026-02-10 16:00:00+00:00,none,,1.107,1.217,False,False,False
2026-02-10 20:00:00+00:00,none,,-0.334,0.243,False,False,False
2026-02-11 00:00:00+00:00,none,,-0.32,0.195,False,False,False
2026-02-11 04:00:00+00:00,none,,-0.949,-0.713,False,False,False
2026-02-11 08:00:00+00:00,none,,-1.694,0.318,False,False,False
2026-02-11 12:00:00+00:00,none,,0.03,0.783,False,False,False
2026-02-11 16:00:00+00:00,none,,-0.795,-0.097,False,False,False
2026-02-11 20:00:00+00:00,none,,1.604,0.463,False,False,True
2026-02-12 00:00:00+00:00,none,,-0.746,-0.52,False,False,False
2026-02-12 04:00:00+00:00,none,,0.743,0.21,False,False,False
2026-02-12 08:00:00+00:00,none,,-0.538,0.137,False,False,False
2026-02-12 12:00:00+00:00,none,,1.277,0.091,False,False,False
2026-02-12 16:00:00+00:00,none,,-1.383,-0.654,False,False,False
2026-02-12 20:00:00+00:00,none,,-2.005,0.301,False,False,False
2026-02-13 00:00:00+00:00,none,,0.735,-0.024,False,False,False
2026-02-13 04:00:00+00:00,none,,0.424,-0.165,False,False,False
2026-02-13 08:00:00+00:00,none,,-0.517,-0.227,False,False,False
2026-02-13 12:00:00+00:00,none,,1.454,0.289,False,False,False
2026-02-13 16:00:00+00:00,call,call,2.264,1.415,False,True,False
2026-02-13 20:00:00+00:00,none,,0.359,-0.276,False,False,False
2026-02-14 00:00:00+00:00,none,,-0.123,-0.205,False,False,False
2026-02-14 04:00:00+00:00,none,,0.186,0.142,False,False,False
2026-02-14 08:00:00+00:00,none,,0.344,0.409,False,False,False
2026-02-14 12:00:00+00:00,call,call,1.859,1.197,True,True,True
2026-02-14 16:00:00+00:00,none,,-1.032,0.11,False,False,False
2026-02-14 20:00:00+00:00,none,,0.137,0.146,False,False,False
2026-02-15 00:00:00+00:00,none,,-0.073,-0.196,False,False,False
2026-02-15 04:00:00+00:00,none,,0.188,0.683,False,False,False
2026-02-15 08:00:00+00:00,none,,1.249,0.601,False,False,False
2026-02-15 12:00:00+00:00,none,,-0.753,-0.187,False,False,False
2026-02-15 16:00:00+00:00,none,,-1.7,-0.102,False,False,False
2026-02-15 20:00:00+00:00,none,,-1.177,-0.241,False,False,False
2026-02-16 00:00:00+00:00,none,,0.799,-0.243,False,False,False
2026-02-16 04:00:00+00:00,none,,-0.592,0.153,False,False,False
2026-02-16 08:00:00+00:00,none,,0.238,0.2,False,False,False
2026-02-16 12:00:00+00:00,none,,0.328,0.021,False,False,False
2026-02-16 16:00:00+00:00,put,put,-1.85,-1.298,True,True,True
2026-02-16 20:00:00+00:00,none,,0.554,0.079,False,False,False
2026-02-17 00:00:00+00:00,none,,1.442,0.439,False,False,False
2026-02-17 04:00:00+00:00,none,,-0.606,-0.528,False,False,False
2026-02-17 08:00:00+00:00,none,,-0.127,-0.017,False,False,False
2026-02-17 12:00:00+00:00,none,,-0.78,0.014,False,False,False
2026-02-17 16:00:00+00:00,none,,-0.682,0.773,False,False,False
2026-02-17 20:00:00+00:00,none,,0.595,-0.448,False,False,False
2026-02-18 00:00:00+00:00,none,,-0.427,-0.036,False,False,False
2026-02-18 04:00:00+00:00,none,,0.186,0.437,False,False,False
2026-02-18 08:00:00+00:00,none,,0.706,0.377,False,False,False
2026-02-18 12:00:00+00:00,none,,-1.082,-0.636,False,False,False
2026-02-18 16:00:00+00:00,none,,0.481,0.7,False,False,False
2026-02-18 20:00:00+00:00,none,,-2.241,-0.276,False,False,False
2026-02-19 00:00:00+00:00,none,,0.429,0.079,False,False,False
2026-02-19 04:00:00+00:00,none,,0.782,0.218,False,False,False
2026-02-19 08:00:00+00:00,none,,0.337,0.084,False,False,False
2026-02-19 12:00:00+00:00,none,,-1.057,-0.519,False,False,False
2026-02-19 16:00:00+00:00,none,,-0.147,-0.035,False,False,False
2026-02-19 20:00:00+00:00,none,,0.982,0.029,False,False,False
2026-02-20 00:00:00+00:00,none,,-0.069,0.132,False,False,False
2026-02-20 04:00:00+00:00,none,,0.541,0.185,False,False,False
2026-02-20 08:00:00+00:00,none,,0.682,-0.032,False,False,False
2026-02-20 12:00:00+00:00,none,,-0.748,-0.928,False,False,False
2026-02-20 16:00:00+00:00,none,,0.393,0.765,False,False,False
2026-02-20 20:00:00+00:00,none,,0.093,-0.41,False,False,False
2026-02-21 00:00:00+00:00,none,,0.553,-0.085,False,False,False
2026-02-21 04:00:00+00:00,none,,-0.518,-0.49,False,False,False
2026-02-21 08:00:00+00:00,none,,0.278,0.092,False,False,False
2026-02-21 12:00:00+00:00,none,,0.348,-0.18,False,False,False
2026-02-21 16:00:00+00:00,none,,0.767,0.241,False,False,False
2026-02-21 20:00:00+00:00,none,,-0.104,-0.044,False,False,False
2026-02-22 00:00:00+00:00,none,,-0.828,0.006,False,False,False
2026-02-22 04:00:00+00:00,none,,0.096,0.194,False,False,False
2026-02-22 08:00:00+00:00,none,,-0.053,-0.048,False,False,False
2026-02-22 12:00:00+00:00,none,,0.316,0.133,False,False,False
2026-02-22 16:00:00+00:00,none,,-0.785,0.356,False,False,False
2026-02-22 20:00:00+00:00,none,,-0.378,0.008,False,False,False
2026-02-23 00:00:00+00:00,none,,0.319,-0.034,False,False,False
2026-02-23 04:00:00+00:00,none,,-4.005,0.232,False,False,False
2026-02-23 08:00:00+00:00,none,,1.578,0.307,False,False,False
2026-02-23 12:00:00+00:00,none,,0.376,-0.17,False,False,False
2026-02-23 16:00:00+00:00,none,,-0.826,-0.4,False,False,False
2026-02-23 20:00:00+00:00,put,put,-2.079,-0.527,True,True,True
2026-02-24 00:00:00+00:00,none,,0.561,-0.107,False,False,False
2026-02-24 04:00:00+00:00,put,put,-1.64,-0.802,False,True,False
2026-02-24 08:00:00+00:00,none,,-0.633,0.175,False,False,False
2026-02-24 12:00:00+00:00,none,,0.054,-0.091,False,False,False
2026-02-24 16:00:00+00:00,none,,1.181,0.819,False,False,False
2026-02-24 20:00:00+00:00,none,,0.721,-0.0,False,False,False
2026-02-25 00:00:00+00:00,none,,-0.585,-0.098,False,False,False
2026-02-25 04:00:00+00:00,none,,2.082,-0.748,False,False,False
2026-02-25 08:00:00+00:00,none,,-0.556,0.2,False,False,False
2026-02-25 12:00:00+00:00,none,,0.618,0.045,False,False,False
2026-02-25 16:00:00+00:00,call,call,3.03,0.656,False,True,False
2026-02-25 20:00:00+00:00,none,,2.412,-0.418,False,False,False
2026-02-26 00:00:00+00:00,put,put,-1.521,-0.649,False,True,False
2026-02-26 04:00:00+00:00,none,,0.337,-0.059,False,False,False
2026-02-26 08:00:00+00:00,none,,-0.574,-0.516,False,False,False
2026-02-26 12:00:00+00:00,none,,0.334,-0.366,False,False,False
2026-02-26 16:00:00+00:00,none,,-0.984,-0.466,False,False,False
2026-02-26 20:00:00+00:00,none,,0.308,0.414,False,False,False
2026-02-27 00:00:00+00:00,none,,-0.154,-0.129,False,False,False
2026-02-27 04:00:00+00:00,none,,0.171,0.497,False,False,False
2026-02-27 08:00:00+00:00,none,,0.133,0.048,False,False,False
2026-02-27 12:00:00+00:00,put,put,-2.31,-0.718,True,True,True
2026-02-27 16:00:00+00:00,none,,-0.048,0.315,False,False,False
2026-02-27 20:00:00+00:00,none,,-1.064,0.119,False,False,False
2026-02-28 00:00:00+00:00,none,,0.734,0.357,False,False,False
2026-02-28 04:00:00+00:00,none,,-0.113,-0.248,False,False,False
2026-02-28 08:00:00+00:00,none,,-2.996,0.965,False,False,False
2026-02-28 12:00:00+00:00,none,,0.029,-0.26,False,False,False
2026-02-28 16:00:00+00:00,call,call,1.562,0.629,True,True,False
2026-02-28 20:00:00+00:00,call,call,2.345,0.683,True,True,True
2026-03-01 00:00:00+00:00,none,,0.921,-0.194,False,False,False
2026-03-01 04:00:00+00:00,none,,0.79,-0.175,False,False,False
2026-03-01 08:00:00+00:00,none,,-0.534,0.321,False,False,False
2026-03-01 12:00:00+00:00,none,,-1.003,0.001,False,False,False
2026-03-01 16:00:00+00:00,none,,0.563,-0.008,False,False,False
2026-03-01 20:00:00+00:00,none,,-1.317,-0.535,False,False,False
2026-03-02 00:00:00+00:00,none,,-0.282,0.778,False,False,False
2026-03-02 04:00:00+00:00,call,call,1.587,0.82,True,True,True
2026-03-02 08:00:00+00:00,none,,-1.216,-0.298,False,False,False
2026-03-02 12:00:00+00:00,none,,0.534,0.065,False,False,False
2026-03-02 16:00:00+00:00,call,call,4.175,2.907,True,True,True
2026-03-02 20:00:00+00:00,none,,-0.237,0.129,False,False,False
2026-03-03 00:00:00+00:00,none,,-0.198,-0.879,False,False,False
2026-03-03 04:00:00+00:00,none,,-0.657,-0.196,False,False,False
2026-03-03 08:00:00+00:00,none,,-0.3,0.097,False,False,False
2026-03-03 12:00:00+00:00,none,,-1.681,0.249,False,False,False
2026-03-03 16:00:00+00:00,none,,1.043,1.738,False,False,False
2026-03-03 20:00:00+00:00,none,,1.047,-0.282,False,False,False
2026-03-04 00:00:00+00:00,none,,-0.142,0.016,False,False,False
2026-03-04 04:00:00+00:00,none,,-0.886,-0.865,False,False,False
2026-03-04 08:00:00+00:00,call,call,2.6,1.438,False,True,False
2026-03-04 12:00:00+00:00,none,,2.329,-0.333,False,False,False
2026-03-04 16:00:00+00:00,call,call,3.214,2.479,True,True,True
2026-03-04 20:00:00+00:00,none,,0.292,-0.112,False,False,False
2026-03-05 00:00:00+00:00,none,,-1.283,-0.054,False,False,False
2026-03-05 04:00:00+00:00,none,,-0.232,-0.011,False,False,False
2026-03-05 08:00:00+00:00,none,,-0.61,-0.687,False,False,False
2026-03-05 12:00:00+00:00,none,,1.194,-0.645,False,False,False
2026-03-05 16:00:00+00:00,put,put,-1.732,-1.317,True,True,True
2026-03-05 20:00:00+00:00,none,,-1.025,-0.102,False,False,False
2026-03-06 00:00:00+00:00,none,,-0.039,-0.446,False,False,False
2026-03-06 04:00:00+00:00,none,,0.268,-0.241,False,False,False
2026-03-06 08:00:00+00:00,none,,-0.034,0.65,False,False,False
2026-03-06 12:00:00+00:00,none,,-1.187,-0.447,False,False,False
2026-03-06 16:00:00+00:00,none,,-2.433,0.139,False,False,False
2026-03-06 20:00:00+00:00,none,,-0.544,-0.072,False,False,False
2026-03-07 00:00:00+00:00,none,,-0.026,-0.301,False,False,False
2026-03-07 04:00:00+00:00,none,,-0.027,-0.372,False,False,False
2026-03-07 08:00:00+00:00,none,,-0.371,0.224,False,False,False
2026-03-07 12:00:00+00:00,none,,0.247,0.191,False,False,False
2026-03-07 16:00:00+00:00,none,,-0.195,-0.205,False,False,False
2026-03-07 20:00:00+00:00,none,,-1.174,-0.722,False,False,False
2026-03-08 00:00:00+00:00,none,,0.272,0.006,False,False,False
2026-03-08 04:00:00+00:00,none,,-0.39,0.112,False,False,False
2026-03-08 08:00:00+00:00,none,,0.477,0.236,False,False,False
2026-03-08 12:00:00+00:00,none,,0.29,-0.573,False,False,False
2026-03-08 16:00:00+00:00,none,,-0.44,-0.18,False,False,False
2026-03-08 20:00:00+00:00,none,,0.177,0.798,False,False,False
2026-03-09 00:00:00+00:00,none,,-2.029,-0.401,False,False,False
2026-03-09 04:00:00+00:00,call,call,1.87,1.004,True,True,True
2026-03-09 08:00:00+00:00,none,,0.521,0.428,False,False,False
2026-03-09 12:00:00+00:00,none,,0.311,0.232,False,False,False
2026-03-09 16:00:00+00:00,none,,1.621,-0.416,False,False,False
2026-03-09 20:00:00+00:00,none,,0.186,0.93,False,False,False
2026-03-10 00:00:00+00:00,none,,-0.811,-0.297,False,False,False
2026-03-10 04:00:00+00:00,none,,1.458,-1.198,False,False,False
2026-03-10 08:00:00+00:00,none,,1.406,0.708,False,False,False
2026-03-10 12:00:00+00:00,none,,0.248,-0.273,False,False,False
2026-03-10 16:00:00+00:00,none,,1.084,-0.17,False,False,False
2026-03-10 20:00:00+00:00,none,,-1.826,0.043,False,False,False
2026-03-11 00:00:00+00:00,none,,-0.136,0.326,False,False,False
2026-03-11 04:00:00+00:00,none,,-0.567,-0.371,False,False,False
2026-03-11 08:00:00+00:00,none,,0.139,-0.431,False,False,False
2026-03-11 12:00:00+00:00,none,,-0.682,-0.621,False,False,False
2026-03-11 16:00:00+00:00,none,,1.525,-0.497,False,False,False
2026-03-11 20:00:00+00:00,none,,0.589,0.034,False,False,False
2026-03-12 00:00:00+00:00,none,,-0.637,-0.257,False,False,False
2026-03-12 04:00:00+00:00,none,,-1.062,0.231,False,False,False
2026-03-12 08:00:00+00:00,none,,0.547,0.467,False,False,False
2026-03-12 12:00:00+00:00,none,,0.862,0.022,False,False,False
2026-03-12 16:00:00+00:00,none,,-0.132,1.07,False,False,False
2026-03-12 20:00:00+00:00,none,,0.139,0.878,False,False,False
2026-03-13 00:00:00+00:00,none,,0.155,0.521,False,False,False
2026-03-13 04:00:00+00:00,none,,1.225,0.368,False,False,False
2026-03-13 08:00:00+00:00,none,,0.289,0.379,False,False,False
2026-03-13 12:00:00+00:00,none,,0.861,-0.316,False,False,False
2026-03-13 16:00:00+00:00,none,,-0.55,-0.762,False,False,False
2026-03-13 20:00:00+00:00,none,,-0.893,0.189,False,False,False
2026-03-14 00:00:00+00:00,none,,-0.365,0.164,False,False,False
2026-03-14 04:00:00+00:00,none,,0.213,0.421,False,False,False
2026-03-14 08:00:00+00:00,none,,-0.682,-0.036,False,False,False
2026-03-14 12:00:00+00:00,none,,0.219,0.256,False,False,False
2026-03-14 16:00:00+00:00,none,,-0.242,-0.027,False,False,False
2026-03-14 20:00:00+00:00,none,,0.17,0.045,False,False,False
2026-03-15 00:00:00+00:00,none,,0.724,0.709,False,False,False
2026-03-15 04:00:00+00:00,none,,0.212,-0.122,False,False,False
2026-03-15 08:00:00+00:00,none,,0.127,-0.007,False,False,False
2026-03-15 12:00:00+00:00,none,,0.54,0.078,False,False,False
2026-03-15 16:00:00+00:00,none,,-0.499,-0.197,False,False,False
2026-03-15 20:00:00+00:00,none,,0.096,0.223,False,False,False
2026-03-16 00:00:00+00:00,none,,1.768,0.09,False,False,False
2026-03-16 04:00:00+00:00,none,,1.041,1.46,False,False,False
2026-03-16 08:00:00+00:00,none,,-0.159,-0.35,False,False,False
2026-03-16 12:00:00+00:00,none,,0.131,-0.313,False,False,False
2026-03-16 16:00:00+00:00,none,,-0.378,-0.395,False,False,False
2026-03-16 20:00:00+00:00,none,,0.939,0.067,False,False,False
2026-03-17 00:00:00+00:00,none,,1.246,0.15,False,False,False
2026-03-17 04:00:00+00:00,none,,-0.562,-0.976,False,False,False
2026-03-17 08:00:00+00:00,none,,-0.288,0.221,False,False,False
2026-03-17 12:00:00+00:00,none,,-0.291,0.412,False,False,False
2026-03-17 16:00:00+00:00,none,,-0.16,-0.628,False,False,False
2026-03-17 20:00:00+00:00,none,,0.809,-0.229,False,False,False
2026-03-18 00:00:00+00:00,none,,-0.809,-0.535,False,False,False
2026-03-18 04:00:00+00:00,none,,0.726,0.144,False,False,False
2026-03-18 08:00:00+00:00,none,,-0.755,-0.095,False,False,False
2026-03-18 12:00:00+00:00,none,,-1.26,-1.344,False,False,False
2026-03-18 16:00:00+00:00,none,,-2.036,0.386,False,False,False
2026-03-18 20:00:00+00:00,none,,-0.553,-0.034,False,False,False
2026-03-19 00:00:00+00:00,none,,0.245,0.131,False,False,False
2026-03-19 04:00:00+00:00,none,,-0.044,0.225,False,False,False
2026-03-19 08:00:00+00:00,none,,-1.438,-0.555,False,False,False
2026-03-19 12:00:00+00:00,none,,-0.34,-0.258,False,False,False
2026-03-19 16:00:00+00:00,none,,-0.772,-0.1,False,False,False
2026-03-19 20:00:00+00:00,none,,1.238,0.646,False,False,False
2026-03-20 00:00:00+00:00,none,,-0.487,-0.362,False,False,False
2026-03-20 04:00:00+00:00,none,,1.144,0.447,False,False,False
2026-03-20 08:00:00+00:00,none,,0.176,0.499,False,False,False
2026-03-20 12:00:00+00:00,none,,-0.531,-0.188,False,False,False
2026-03-20 16:00:00+00:00,none,,-0.878,0.185,False,False,False
2026-03-20 20:00:00+00:00,none,,0.455,0.585,False,False,False
2026-03-21 00:00:00+00:00,none,,0.474,-0.363,False,False,False
2026-03-21 04:00:00+00:00,none,,0.208,-0.113,False,False,False
2026-03-21 08:00:00+00:00,none,,0.099,-0.067,False,False,False
2026-03-21 12:00:00+00:00,none,,-0.105,0.067,False,False,False
2026-03-21 16:00:00+00:00,none,,-0.032,0.001,False,False,False
2026-03-21 20:00:00+00:00,none,,-0.331,0.01,False,False,False
2026-03-22 00:00:00+00:00,put,put,-2.099,-1.934,True,True,True
2026-03-22 04:00:00+00:00,none,,0.612,0.089,False,False,False
2026-03-22 08:00:00+00:00,none,,-0.607,-0.354,False,False,False
2026-03-22 12:00:00+00:00,none,,-1.018,-0.627,False,False,False
2026-03-22 16:00:00+00:00,none,,0.924,0.198,False,False,False
2026-03-22 20:00:00+00:00,none,,-0.941,-0.61,False,False,False
2026-03-23 00:00:00+00:00,none,,-0.5,-0.703,False,False,False
2026-03-23 04:00:00+00:00,none,,0.318,-0.36,False,False,False
2026-03-23 08:00:00+00:00,none,,0.38,0.676,False,False,False
2026-03-23 12:00:00+00:00,call,call,2.618,2.292,True,True,True
2026-03-23 16:00:00+00:00,none,,0.013,-1.841,False,False,False
2026-03-23 20:00:00+00:00,none,,0.781,-0.559,False,False,False
2026-03-24 00:00:00+00:00,none,,0.322,0.178,False,False,False
2026-03-24 04:00:00+00:00,none,,-0.513,0.127,False,False,False
2026-03-24 08:00:00+00:00,none,,1.061,1.064,False,False,False
2026-03-24 12:00:00+00:00,none,,-0.188,-0.161,False,False,False
2026-03-24 16:00:00+00:00,none,,-1.805,0.004,False,False,False
2026-03-24 20:00:00+00:00,none,,-0.709,-0.076,False,False,False
2026-03-25 00:00:00+00:00,none,,1.7,0.341,False,False,False
2026-03-25 04:00:00+00:00,none,,0.227,0.263,False,False,False
2026-03-25 08:00:00+00:00,none,,0.297,-0.091,False,False,False
2026-03-25 12:00:00+00:00,none,,1.06,0.248,False,False,False
2026-03-25 16:00:00+00:00,none,,-1.18,-0.563,False,False,False
2026-03-25 20:00:00+00:00,none,,0.071,0.103,False,False,False
2026-03-26 00:00:00+00:00,none,,0.639,-0.046,False,False,False
2026-03-26 04:00:00+00:00,none,,-0.582,0.04,False,False,False
2026-03-26 08:00:00+00:00,none,,-1.176,-0.014,False,False,False
2026-03-26 12:00:00+00:00,none,,-1.158,-0.348,False,False,False
2026-03-26 16:00:00+00:00,none,,-0.279,-0.572,False,False,False
2026-03-26 20:00:00+00:00,none,,-0.794,0.054,False,False,False
2026-03-27 00:00:00+00:00,none,,0.417,-0.105,False,False,False
2026-03-27 04:00:00+00:00,none,,-0.077,-0.197,False,False,False
2026-03-27 08:00:00+00:00,none,,-0.33,-0.168,False,False,False
2026-03-27 12:00:00+00:00,none,,-2.681,0.301,False,False,False
2026-03-27 16:00:00+00:00,none,,-0.884,-0.139,False,False,False
2026-03-27 20:00:00+00:00,none,,-0.109,0.31,False,False,False
2026-03-28 00:00:00+00:00,none,,0.555,0.585,False,False,False
2026-03-28 04:00:00+00:00,none,,-0.252,0.283,False,False,False
2026-03-28 08:00:00+00:00,none,,0.485,0.27,False,False,False
2026-03-28 12:00:00+00:00,none,,-0.364,0.148,False,False,False
2026-03-28 16:00:00+00:00,none,,1.049,0.409,False,False,False
2026-03-28 20:00:00+00:00,none,,-0.147,0.013,False,False,False
2026-03-29 00:00:00+00:00,none,,-0.806,-0.568,False,False,False
2026-03-29 04:00:00+00:00,none,,0.806,0.141,False,False,False
2026-03-29 08:00:00+00:00,none,,-0.36,-0.101,False,False,False
2026-03-29 12:00:00+00:00,none,,0.218,0.471,False,False,False
2026-03-29 16:00:00+00:00,none,,-0.439,-0.1,False,False,False
2026-03-29 20:00:00+00:00,none,,-0.262,-0.118,False,False,False
2026-03-30 00:00:00+00:00,none,,-0.509,0.229,False,False,False
2026-03-30 04:00:00+00:00,none,,1.762,0.079,False,False,False
2026-03-30 08:00:00+00:00,none,,0.671,0.474,False,False,False
2026-03-30 12:00:00+00:00,none,,0.083,0.284,False,False,False
2026-03-30 16:00:00+00:00,none,,-0.075,-0.251,False,False,False
2026-03-30 20:00:00+00:00,none,,-1.596,-0.155,False,False,False
2026-03-31 00:00:00+00:00,none,,0.372,0.019,False,False,False
2026-03-31 04:00:00+00:00,none,,1.358,-0.351,False,False,False
2026-03-31 08:00:00+00:00,none,,-0.498,-0.185,False,False,False
2026-03-31 12:00:00+00:00,none,,-1.012,0.486,False,False,False
2026-03-31 16:00:00+00:00,none,,0.077,0.224,False,False,False
2026-03-31 20:00:00+00:00,none,,1.651,-0.022,False,False,False
2026-04-01 00:00:00+00:00,none,,0.657,0.164,False,False,False
2026-04-01 04:00:00+00:00,none,,-0.167,0.742,False,False,False
2026-04-01 08:00:00+00:00,none,,0.765,-0.595,False,False,False
2026-04-01 12:00:00+00:00,none,,0.03,0.185,False,False,False
2026-04-01 16:00:00+00:00,none,,0.3,0.474,False,False,False
2026-04-01 20:00:00+00:00,none,,-1.076,0.135,False,False,False
2026-04-02 00:00:00+00:00,none,,-0.092,-0.013,False,False,False
2026-04-02 04:00:00+00:00,none,,-2.257,-0.414,False,False,False
2026-04-02 08:00:00+00:00,none,,0.533,0.374,False,False,False
2026-04-02 12:00:00+00:00,none,,-1.062,-0.357,False,False,False
2026-04-02 16:00:00+00:00,none,,0.955,-0.023,False,False,False
2026-04-02 20:00:00+00:00,none,,0.184,-0.009,False,False,False
2026-04-03 00:00:00+00:00,none,,-0.11,-0.12,False,False,False
2026-04-03 04:00:00+00:00,none,,-0.481,0.069,False,False,False
2026-04-03 08:00:00+00:00,none,,0.694,0.367,False,False,False
2026-04-03 12:00:00+00:00,none,,-0.037,0.201,False,False,False
2026-04-03 16:00:00+00:00,none,,-0.284,-0.153,False,False,False
2026-04-03 20:00:00+00:00,none,,0.088,0.11,False,False,False
2026-04-04 00:00:00+00:00,none,,0.117,0.113,False,False,False
2026-04-04 04:00:00+00:00,none,,-0.197,-0.019,False,False,False
2026-04-04 08:00:00+00:00,none,,0.273,0.003,False,False,False
2026-04-04 12:00:00+00:00,none,,0.212,-0.015,False,False,False
2026-04-04 16:00:00+00:00,none,,0.338,0.251,False,False,False
2026-04-04 20:00:00+00:00,none,,-0.141,-0.01,False,False,False
2026-04-05 00:00:00+00:00,none,,0.018,-0.148,False,False,False
2026-04-05 04:00:00+00:00,none,,-0.229,-0.036,False,False,False
2026-04-05 08:00:00+00:00,none,,-0.485,0.028,False,False,False
2026-04-05 12:00:00+00:00,none,,0.267,-0.07,False,False,False
2026-04-05 16:00:00+00:00,none,,0.459,0.581,False,False,False
2026-04-05 20:00:00+00:00,none,,0.081,-0.078,False,False,False
2026-04-06 00:00:00+00:00,call,call,2.484,1.018,True,True,True
2026-04-06 04:00:00+00:00,none,,0.13,-0.122,False,False,False
2026-04-06 08:00:00+00:00,none,,-0.011,0.202,False,False,False
2026-04-06 12:00:00+00:00,none,,0.722,-0.224,False,False,False
2026-04-06 16:00:00+00:00,none,,0.508,0.452,False,False,False
2026-04-06 20:00:00+00:00,none,,-0.328,-0.214,False,False,False
2026-04-07 00:00:00+00:00,none,,-1.27,0.062,False,False,False
2026-04-07 04:00:00+00:00,none,,-0.108,0.153,False,False,False
2026-04-07 08:00:00+00:00,none,,-0.225,0.082,False,False,False
2026-04-07 12:00:00+00:00,none,,-0.406,0.158,False,False,False
2026-04-07 16:00:00+00:00,none,,-0.26,0.453,False,False,False
2026-04-07 20:00:00+00:00,none,,1.237,0.831,False,False,False
2026-04-08 00:00:00+00:00,call,call,4.221,0.573,False,True,False
2026-04-08 04:00:00+00:00,none,,-0.885,-0.109,False,False,False
2026-04-08 08:00:00+00:00,none,,0.477,-0.147,False,False,False
2026-04-08 12:00:00+00:00,none,,0.066,0.277,False,False,False
2026-04-08 16:00:00+00:00,none,,-0.509,0.56,False,False,False
2026-04-08 20:00:00+00:00,none,,0.012,0.308,False,False,False
2026-04-09 00:00:00+00:00,none,,-0.349,0.007,False,False,False
2026-04-09 04:00:00+00:00,none,,-0.109,-0.096,False,False,False
2026-04-09 08:00:00+00:00,none,,-0.015,-0.07,False,False,False
2026-04-09 12:00:00+00:00,none,,0.237,-0.177,False,False,False
2026-04-09 16:00:00+00:00,none,,1.394,1.432,False,False,False
2026-04-09 20:00:00+00:00,none,,-0.063,0.289,False,False,False
2026-04-10 00:00:00+00:00,none,,-0.428,-0.22,False,False,False
2026-04-10 04:00:00+00:00,none,,0.112,-0.134,False,False,False
2026-04-10 08:00:00+00:00,none,,-0.538,-0.451,False,False,False
2026-04-10 12:00:00+00:00,none,,0.903,0.302,False,False,False
2026-04-10 16:00:00+00:00,none,,0.462,-0.615,False,False,False
2026-04-10 20:00:00+00:00,none,,1.07,0.177,False,False,False
2026-04-11 00:00:00+00:00,none,,-0.373,0.118,False,False,False
2026-04-11 04:00:00+00:00,none,,-0.132,-0.137,False,False,False
2026-04-11 08:00:00+00:00,none,,-0.166,-0.023,False,False,False
2026-04-11 12:00:00+00:00,none,,0.222,0.087,False,False,False
2026-04-11 16:00:00+00:00,none,,-0.067,0.211,False,False,False
2026-04-11 20:00:00+00:00,none,,1.138,0.189,False,False,False
2026-04-12 00:00:00+00:00,none,,-0.874,-0.454,False,False,False
2026-04-12 04:00:00+00:00,none,,-1.985,-0.234,False,False,False
2026-04-12 08:00:00+00:00,none,,0.1,-0.004,False,False,False
2026-04-12 12:00:00+00:00,none,,-0.274,0.022,False,False,False
2026-04-12 16:00:00+00:00,none,,-0.807,0.203,False,False,False
2026-04-12 20:00:00+00:00,none,,0.271,-0.075,False,False,False
2026-04-13 00:00:00+00:00,none,,-0.483,-0.242,False,False,False
2026-04-13 04:00:00+00:00,none,,0.332,-0.137,False,False,False
2026-04-13 08:00:00+00:00,none,,-0.228,-0.287,False,False,False
2026-04-13 12:00:00+00:00,none,,0.164,0.246,False,False,False
2026-04-13 16:00:00+00:00,none,,1.321,-0.737,False,False,False
2026-04-13 20:00:00+00:00,call,call,2.026,1.24,False,True,False
2026-04-14 00:00:00+00:00,none,,1.494,-0.28,False,False,False
2026-04-14 04:00:00+00:00,none,,0.036,0.153,False,False,False
2026-04-14 08:00:00+00:00,none,,0.136,0.031,False,False,False
2026-04-14 12:00:00+00:00,none,,-0.227,0.036,False,False,False
2026-04-14 16:00:00+00:00,none,,1.265,0.405,False,False,False
2026-04-14 20:00:00+00:00,none,,-1.452,0.175,False,False,False
2026-04-15 00:00:00+00:00,none,,-0.123,0.146,False,False,False
2026-04-15 04:00:00+00:00,none,,0.289,0.032,False,False,False
2026-04-15 08:00:00+00:00,none,,-0.828,-0.218,False,False,False
2026-04-15 12:00:00+00:00,none,,0.639,0.456,False,False,False
2026-04-15 16:00:00+00:00,none,,-0.482,-0.415,False,False,False
2026-04-15 20:00:00+00:00,call,call,1.569,0.823,False,True,False
2026-04-16 00:00:00+00:00,none,,-0.257,-0.205,False,False,False
2026-04-16 04:00:00+00:00,none,,0.105,0.001,False,False,False
2026-04-16 08:00:00+00:00,none,,-0.242,-0.45,False,False,False
2026-04-16 12:00:00+00:00,none,,-0.177,0.352,False,False,False
2026-04-16 16:00:00+00:00,none,,0.164,0.979,False,False,False
2026-04-16 20:00:00+00:00,none,,0.865,0.422,False,False,False
2026-04-17 00:00:00+00:00,none,,-0.25,0.383,False,False,False
2026-04-17 04:00:00+00:00,none,,-0.716,-0.113,False,False,False
2026-04-17 08:00:00+00:00,none,,0.615,0.182,False,False,False
2026-04-17 12:00:00+00:00,none,,0.686,0.413,False,False,False
2026-04-17 16:00:00+00:00,none,,2.904,-0.131,False,False,False
2026-04-17 20:00:00+00:00,none,,-0.503,0.303,False,False,False
2026-04-18 00:00:00+00:00,none,,-0.416,-0.297,False,False,False
2026-04-18 04:00:00+00:00,none,,-0.086,-0.371,False,False,False
2026-04-18 08:00:00+00:00,none,,-0.01,-0.179,False,False,False
2026-04-18 12:00:00+00:00,none,,-1.245,-0.198,False,False,False
2026-04-18 16:00:00+00:00,none,,0.169,-0.108,False,False,False
2026-04-18 20:00:00+00:00,none,,-0.679,-0.003,False,False,False
2026-04-19 00:00:00+00:00,none,,0.055,-0.161,False,False,False
2026-04-19 04:00:00+00:00,none,,-0.233,0.026,False,False,False
2026-04-19 08:00:00+00:00,none,,-0.349,-0.196,False,False,False
2026-04-19 12:00:00+00:00,none,,0.467,0.507,False,False,False
2026-04-19 16:00:00+00:00,none,,0.321,-0.233,False,False,False
2026-04-19 20:00:00+00:00,none,,-1.162,0.261,False,False,False
2026-04-20 00:00:00+00:00,none,,-1.552,-0.332,False,False,False
2026-04-20 04:00:00+00:00,none,,1.128,0.301,False,False,False
2026-04-20 08:00:00+00:00,none,,0.272,0.068,False,False,False
2026-04-20 12:00:00+00:00,none,,0.475,0.221,False,False,False
2026-04-20 16:00:00+00:00,none,,0.697,0.909,False,False,False
2026-04-20 20:00:00+00:00,none,,0.766,-0.166,False,False,False
2026-04-21 00:00:00+00:00,none,,-0.598,-0.175,False,False,False
2026-04-21 04:00:00+00:00,none,,-0.172,0.171,False,False,False
2026-04-21 08:00:00+00:00,none,,0.494,0.145,False,False,False
2026-04-21 12:00:00+00:00,none,,0.484,-0.382,False,False,False
2026-04-21 16:00:00+00:00,none,,-0.809,0.211,False,False,False
2026-04-21 20:00:00+00:00,none,,-1.07,-0.776,False,False,False
2026-04-22 00:00:00+00:00,call,call,1.75,0.907,False,True,False
2026-04-22 04:00:00+00:00,none,,1.553,-0.107,False,False,False
2026-04-22 08:00:00+00:00,none,,0.634,0.003,False,False,False
2026-04-22 12:00:00+00:00,none,,0.368,0.182,False,False,False
2026-04-22 16:00:00+00:00,none,,1.243,0.287,False,False,False
2026-04-22 20:00:00+00:00,none,,-0.538,-0.222,False,False,False
2026-04-23 00:00:00+00:00,none,,-0.848,-0.547,False,False,False
2026-04-23 04:00:00+00:00,none,,-0.552,-0.248,False,False,False
2026-04-23 08:00:00+00:00,none,,0.389,-0.208,False,False,False
2026-04-23 12:00:00+00:00,none,,-0.441,0.389,False,False,False
2026-04-23 16:00:00+00:00,none,,0.865,0.251,False,False,False
2026-04-23 20:00:00+00:00,none,,-0.829,0.063,False,False,False
2026-04-24 00:00:00+00:00,none,,0.682,0.028,False,False,False
2026-04-24 04:00:00+00:00,none,,-0.664,-0.496,False,False,False
2026-04-24 08:00:00+00:00,none,,-0.12,-0.187,False,False,False
2026-04-24 12:00:00+00:00,none,,0.767,0.628,False,False,False
2026-04-24 16:00:00+00:00,none,,-0.258,0.001,False,False,False
2026-04-24 20:00:00+00:00,none,,-0.525,0.014,False,False,False
2026-04-25 00:00:00+00:00,none,,-0.247,0.14,False,False,False
2026-04-25 04:00:00+00:00,none,,0.312,0.092,False,False,False
2026-04-25 08:00:00+00:00,none,,-0.229,-0.003,False,False,False
2026-04-25 12:00:00+00:00,none,,0.234,-0.136,False,False,False
2026-04-25 16:00:00+00:00,none,,-0.453,-0.42,False,False,False
2026-04-25 20:00:00+00:00,none,,-0.0,0.022,False,False,False
2026-04-26 00:00:00+00:00,none,,0.381,0.088,False,False,False
2026-04-26 04:00:00+00:00,none,,-0.29,-0.145,False,False,False
2026-04-26 08:00:00+00:00,none,,0.907,0.133,False,False,False
2026-04-26 12:00:00+00:00,none,,-0.001,0.127,False,False,False
2026-04-26 16:00:00+00:00,none,,-0.067,-0.06,False,False,False
2026-04-26 20:00:00+00:00,none,,0.221,-0.08,False,False,False
2026-04-27 00:00:00+00:00,none,,0.558,0.439,False,False,False
2026-04-27 04:00:00+00:00,none,,0.569,-0.031,False,False,False
2026-04-27 08:00:00+00:00,none,,-1.895,-0.12,False,False,False
2026-04-27 12:00:00+00:00,none,,0.306,-0.007,False,False,False
2026-04-27 16:00:00+00:00,none,,-1.35,-1.314,False,False,False
2026-04-27 20:00:00+00:00,none,,0.111,0.057,False,False,False
2026-04-28 00:00:00+00:00,none,,0.642,0.396,False,False,False
2026-04-28 04:00:00+00:00,none,,-0.719,-0.099,False,False,False
2026-04-28 08:00:00+00:00,none,,0.083,0.208,False,False,False
2026-04-28 12:00:00+00:00,none,,-0.846,-0.508,False,False,False
2026-04-28 16:00:00+00:00,none,,-0.213,0.153,False,False,False
2026-04-28 20:00:00+00:00,none,,0.348,0.116,False,False,False
2026-04-29 00:00:00+00:00,none,,0.015,0.132,False,False,False
2026-04-29 04:00:00+00:00,none,,0.854,0.606,False,False,False
2026-04-29 08:00:00+00:00,none,,0.076,0.029,False,False,False
2026-04-29 12:00:00+00:00,none,,0.696,-0.038,False,False,False
2026-04-29 16:00:00+00:00,put,put,-2.147,-0.843,False,False,False
2026-04-29 20:00:00+00:00,none,,-0.475,0.066,False,False,False
2026-04-30 00:00:00+00:00,none,,0.286,-0.194,False,False,False
2026-04-30 04:00:00+00:00,none,,0.195,0.295,False,False,False
2026-04-30 08:00:00+00:00,none,,0.308,0.539,False,False,False
2026-04-30 12:00:00+00:00,none,,-0.134,0.04,False,False,False
2026-04-30 16:00:00+00:00,none,,0.545,0.226,False,False,False
2026-04-30 20:00:00+00:00,none,,-0.08,0.082,False,False,False
2026-05-01 00:00:00+00:00,none,,-0.087,0.144,False,False,False
2026-05-01 04:00:00+00:00,none,,1.028,0.703,False,False,False
2026-05-01 08:00:00+00:00,none,,-0.001,0.178,False,False,False
2026-05-01 12:00:00+00:00,none,,0.432,0.207,False,False,False
2026-05-01 16:00:00+00:00,none,,1.268,0.111,False,False,False
2026-05-01 20:00:00+00:00,none,,-0.109,-0.081,False,False,False
2026-05-02 00:00:00+00:00,none,,-0.164,0.099,False,False,False
2026-05-02 04:00:00+00:00,none,,0.216,0.059,False,False,False
2026-05-02 08:00:00+00:00,none,,-0.23,-0.138,False,False,False
2026-05-02 12:00:00+00:00,none,,-0.098,-0.136,False,False,False
2026-05-02 16:00:00+00:00,none,,0.441,0.081,False,False,False
2026-05-02 20:00:00+00:00,none,,-0.002,0.025,False,False,False
2026-05-03 00:00:00+00:00,none,,0.256,-0.185,False,False,False
2026-05-03 04:00:00+00:00,none,,-0.615,0.04,False,False,False
2026-05-03 08:00:00+00:00,none,,0.205,0.096,False,False,False
2026-05-03 12:00:00+00:00,none,,0.374,0.316,False,False,False
2026-05-03 16:00:00+00:00,none,,0.016,-0.092,False,False,False
2026-05-03 20:00:00+00:00,none,,0.117,0.026,False,False,False
2026-05-04 00:00:00+00:00,none,,-0.243,-0.769,False,False,False
2026-05-04 04:00:00+00:00,none,,2.224,0.178,False,False,False
2026-05-04 08:00:00+00:00,none,,-0.771,-0.227,False,False,False
2026-05-04 12:00:00+00:00,none,,-1.133,-0.186,False,False,False
2026-05-04 16:00:00+00:00,none,,1.568,-0.234,False,False,False
2026-05-04 20:00:00+00:00,none,,0.031,-0.077,False,False,False
2026-05-05 00:00:00+00:00,none,,-0.24,-0.258,False,False,False
2026-05-05 04:00:00+00:00,none,,1.292,0.42,False,False,False
2026-05-05 08:00:00+00:00,none,,-0.046,-0.149,False,False,False
2026-05-05 12:00:00+00:00,none,,0.196,0.236,False,False,False
2026-05-05 16:00:00+00:00,none,,0.631,0.232,False,False,False
2026-05-05 20:00:00+00:00,none,,0.1,0.112,False,False,False
2026-05-06 00:00:00+00:00,none,,-0.859,-0.254,False,False,False
2026-05-06 04:00:00+00:00,none,,0.836,0.268,False,False,False
2026-05-06 08:00:00+00:00,none,,-0.272,-0.143,False,False,False
2026-05-06 12:00:00+00:00,none,,1.43,0.283,False,False,False
2026-05-06 16:00:00+00:00,none,,-0.992,0.218,False,False,False
2026-05-06 20:00:00+00:00,none,,-0.293,0.137,False,False,False
2026-05-07 00:00:00+00:00,none,,-0.022,0.129,False,False,False
2026-05-07 04:00:00+00:00,none,,-0.752,-0.343,False,False,False
2026-05-07 08:00:00+00:00,none,,0.846,0.098,False,False,False
2026-05-07 12:00:00+00:00,none,,-0.8,0.02,False,False,False
2026-05-07 16:00:00+00:00,none,,-1.207,-0.35,False,False,False
2026-05-07 20:00:00+00:00,none,,0.32,-0.068,False,False,False
2026-05-08 00:00:00+00:00,none,,-0.175,0.109,False,False,False
2026-05-08 04:00:00+00:00,none,,-0.534,0.114,False,False,False
2026-05-08 08:00:00+00:00,none,,0.13,0.197,False,False,False
2026-05-08 12:00:00+00:00,none,,0.689,0.023,False,False,False
2026-05-08 16:00:00+00:00,none,,-0.111,-0.011,False,False,False
2026-05-08 20:00:00+00:00,none,,0.047,0.127,False,False,False
2026-05-09 00:00:00+00:00,none,,0.017,-0.086,False,False,False
2026-05-09 04:00:00+00:00,none,,0.238,-0.042,False,False,False
2026-05-09 08:00:00+00:00,none,,-0.193,-0.044,False,False,False
2026-05-09 12:00:00+00:00,none,,0.145,0.101,False,False,False
2026-05-09 16:00:00+00:00,none,,0.227,0.244,False,False,False
2026-05-09 20:00:00+00:00,none,,0.51,0.038,False,False,False
2026-05-10 00:00:00+00:00,none,,-0.321,-0.129,False,False,False
2026-05-10 04:00:00+00:00,none,,0.12,-0.003,False,False,False
2026-05-10 08:00:00+00:00,none,,-0.048,0.003,False,False,False
2026-05-10 12:00:00+00:00,none,,0.106,-0.065,False,False,False
2026-05-10 16:00:00+00:00,none,,0.738,0.528,False,False,False
2026-05-10 20:00:00+00:00,none,,0.024,0.204,False,False,False
2026-05-11 00:00:00+00:00,none,,0.948,0.202,False,False,False
2026-05-11 04:00:00+00:00,put,put,-1.793,-0.534,False,False,False
2026-05-11 08:00:00+00:00,none,,0.005,-0.102,False,False,False
2026-05-11 12:00:00+00:00,none,,0.565,0.317,False,False,False
2026-05-11 16:00:00+00:00,none,,0.307,0.608,False,False,False
2026-05-11 20:00:00+00:00,none,,0.634,0.126,False,False,False
2026-05-12 00:00:00+00:00,none,,-0.264,-0.108,False,False,False
